,headlines
0,This Is a Massive Red Flag for Rivian and Lucid
1,This Is Terrible News for Tesla Stock Investors
2,"Tesla Stock Still Has Over 30% Downside, According to 1 Wall Street Analyst"
3,Tesla (TSLA) Laps the Stock Market: Here's Why
4,"Forget Tesla, Look to This 'Big Three' Stock for EV Upside"
5,Wednesday's ETF with Unusual Volume: KOMP
6,Stocks Waver on Higher Bond Yields Ahead of Fed Chair Powell
7,"Tesla Stock Has 17% Downside, According to 1 Wall Street Analyst"
8,"Up 19% YTD, How High Can Amazon Stock Go in 2024?"
9,"After Nvidia and Meta, What Was the Best Performing Mega-Cap Stock in Q1 2024? The Answer Might Surprise You."
10,"The Good, the Bad, and the Ugly Truth About Tesla Right Now"
11,"Pre-Market Most Active for Apr 3, 2024 : T, VNDA, SQQQ, MU, TSLA, TQQQ, NIO, LGVC, ORCL, PFE, VZ, KVUE"
12,TSLA Factor-Based Stock Analysis
13,"S&P Futures Tick Lower as U.S. ADP Jobs Report Looms, Powell Speech in Focus"
14,"1 ""Magnificent Seven"" Stock to Buy Hand Over Fist in April, and 1 to Avoid Like the Plague"
15,"Tesla Stock Has 87% Downside, According to 1 Wall Street Analyst"
16,"Company News for Apr 3, 2024"
17,"Why EV Stocks Tesla, Rivian, and Lucid All Fell Today"
18,Why Tesla Stock Lost 13% in March
19,Stocks Close Lower on Fears Fed Rate Cuts Will be Delayed
20,Stocks Fall as Bond Yields Climb on Strong US Economic News
21,3 Cheap EV Stocks to Buy During the Market Slump
22,"Technology Sector Update for 04/02/2024: TSLA, ZBAO, PWFL"
23,"Noteworthy Tuesday Option Activity: RCL, TSLA, UNH"
24,Beyond Chatbots: 3 Stocks Harnessing AI in Extraordinary Ways
25,Stocks Retreat as Bond Yields Jump on Diminished Fed Rate Cut Prospects
26,Why Nikola Stock Ran Out of Gas Today
27,"FSD Is Incredible, but Tesla Has a Massive Flaw Autonomy Can't Overcome"
28,"Pre-Market Most Active for Apr 2, 2024 : SQQQ, TQQQ, NIO, IBIT, TSLL, TSLA, ANGH, CVS, NKE, MA, PLTR, SNOW"
29,TSLA Quantitative Stock Analysis
30,2024 Q1 Market Recap: Bullish Momentum Persists Despite Challenges
31,Tesla: 4 Strengths and 4 Weaknesses
32,Buy Amazon Stock Now for Continued Growth and Diversification
33,1 Growth Stock Down 56% to Buy Right Now
34,Stocks Close Mixed as US Manufacturing Strength Dampens Rate Cut Optimism
35,"Tesla Stock Has 27% Downside, According to 1 Wall Street Analyst"
36,Tesla Sentiment Is Reaching a Tipping Point
37,This Magnificent 7 Stock Could Rise Another 24%
38,Tesla's Strides in This Game-Changing Technology Make the Stock a Magnificent Buy
39,"Technology Sector Update for 04/01/2024: GOOG, OPTX, TSLA"
40,Stocks Pressured as Bond Yields Jump on Strength in US Manufacturing
41,1 No-Brainer EV Stock to Buy in April
42,"Zacks Value Investor Highlights: Paolo Alto, Lululemon, Tesla, Nike and Starbucks"
43,"Here's the Best ""Magnificent Seven"" Stock to Buy in April, According to Wall Street"
44,Cathie Wood's Ark Invest Has 14% of Its Portfolio Invested in 2 Growth Stocks
45,Bull of the Day: Ford Motor (F)
46,"Down More Than 50%, This ""Magnificent Seven"" Stock Is a Screaming Buy"
47,"EXCLUSIVE-China's SAIC aims to slash jobs at GM, VW ventures and EV unit, sources say"
48,Guru Fundamental Report for TSLA
49,"Some Skeptics Say Crypto Is Too Expensive. I Disagree, and Here's Why."
50,"Here's How Much Dividend Income You'd Make by Investing $70,000 in the ""Magnificent Seven"" Stocks"
51,"Are Nike, Lululemon, Apple, Tesla, and Starbucks Waving a Red Flag for the Stock Market?"
52,From Six Figures to Seven: 3 EV Stocks Set to Make Millionaires
53,Wire Buzzers: 3 Stocks Making Headlines You Canâ€™t Ignore
54,"Better ""Magnificent Seven"" Stock: Apple or Tesla?"
55,"Forget Apple: I Think This Stock Should Replace It in the ""Magnificent Seven"""
56,US finalizes new tailpipe emissions limits for heavy duty vehicles
57,3 Impressive AI Stocks That Cathie Wood Is Betting On Now
58,PCAR or TSLA: Which Is the Better Value Stock Right Now?
59,"With China EV launch, Xiaomi's 'Thor' takes on Elon Musk"
60,Validea Detailed Fundamental Analysis - TSLA
61,"Are the ""Magnificent Seven"" Too Expensive to Buy?"
62,"The ""Magnificent Seven"" Stocks, Ranked From Best to Worst Performance Over Time"
63,"Tesla Stock Has 71% Upside, According to 1 Wall Street Analyst"
64,Mazda and Panasonic's energy unit sign auto battery supply agreement
65,S&P 500 Posts a Record High on Optimism the Fed Can Achieve a Soft Landing
66,GRAPHIC-How the US stock market rocketed through the first quarter
67,Tesla appears unlikely to nix US suit alleging bias against Black workers
68,5 Popular Stocks on Sale: Values or Traps?
69,"Why Dogecoin, Floki Inu, and Bonk Are Surging Today"
